JobID|JobIDRaw|JobName|User|Partition|State|QOS|Priority|Reason|Flags|Submit|Eligible|Start|End|Elapsed|ElapsedRaw|Planned|PlannedCPURAW|ReqNodes|ReqCPUS|ReqMem|AllocNodes|AllocCPUS|AllocTRES|NTasks|Timelimit|TimelimitRaw|CPUTimeRAW|NodeList|ExitCode
329|329|sim_1|ivan|debug|COMPLETED|normal|1|None|SchedMain,StartReceived|2026-06-19T06:34:32|2026-06-19T06:34:32|2026-06-19T06:34:32|2026-06-19T06:40:46|00:06:14|374|00:00:00|0|3|3|3M|3|3|billing=3,cpu=3,mem=3M,node=3||00:29:00|29|1122|node[1-3]|0:0
330|330|sim_2|ivan|debug|COMPLETED|normal|1|None|SchedMain,StartReceived|2026-06-19T06:34:32|2026-06-19T06:34:32|2026-06-19T06:40:46|2026-06-19T06:44:24|00:03:38|218|00:06:14|1122|3|3|3M|3|3|billing=3,cpu=3,mem=3M,node=3||01:00:00|60|654|node[1-3]|0:0
331|331|sim_3|ivan|debug|COMPLETED|normal|1|None|SchedMain,StartReceived|2026-06-19T06:34:32|2026-06-19T06:34:32|2026-06-19T06:44:24|2026-06-19T06:49:20|00:04:56|296|00:09:52|1184|2|2|2M|2|2|billing=2,cpu=2,mem=2M,node=2||00:11:00|11|592|node[1-2]|0:0
332|332|sim_4|ivan|debug|COMPLETED|normal|1|None|SchedMain,StartReceived|2026-06-19T06:34:32|2026-06-19T06:34:32|2026-06-19T06:50:55|2026-06-19T06:52:19|00:01:24|84|00:16:23|3932|4|4|4M|4|4|billing=4,cpu=4,mem=4M,node=4||01:00:00|60|336|node[1-4]|0:0
333|333|sim_5|ivan|debug|COMPLETED|normal|1|None|SchedBackfill,StartReceived|2026-06-19T06:34:32|2026-06-19T06:34:32|2026-06-19T06:44:25|2026-06-19T06:44:25|00:00:00|0|00:09:53|1186|2|2|2M|2|2|billing=2,cpu=2,mem=2M,node=2||00:01:00|1|0|node[3-4]|0:0
334|334|sim_6|ivan|debug|COMPLETED|normal|1|None|SchedMain,StartReceived|2026-06-19T06:34:32|2026-06-19T06:34:32|2026-06-19T06:52:20|2026-06-19T06:55:50|00:03:30|210|00:17:48|3204|3|3|3M|3|3|billing=3,cpu=3,mem=3M,node=3||01:00:00|60|630|node[1-3]|0:0
335|335|sim_7|ivan|debug|COMPLETED|normal|1|None|SchedMain,StartReceived|2026-06-19T06:34:32|2026-06-19T06:34:32|2026-06-19T07:05:55|2026-06-19T07:12:32|00:06:37|397|00:31:23|7532|4|4|4M|4|4|billing=4,cpu=4,mem=4M,node=4||01:00:00|60|1588|node[1-4]|0:0
336|336|sim_8|ivan|debug|TIMEOUT|normal|1|None|SchedBackfill,StartReceived|2026-06-19T06:34:32|2026-06-19T06:34:32|2026-06-19T06:49:25|2026-06-19T06:50:54|00:01:29|89|00:14:53|2679|3|3|3M|3|3|billing=3,cpu=3,mem=3M,node=3||00:01:00|1|267|node[1-3]|0:0
337|337|sim_9|ivan|debug|COMPLETED|normal|1|None|SchedBackfill,StartReceived|2026-06-19T06:34:32|2026-06-19T06:34:32|2026-06-19T06:34:55|2026-06-19T06:34:55|00:00:00|0|00:00:23|23|1|1|1M|1|1|billing=1,cpu=1,mem=1M,node=1||00:01:00|1|0|node4|0:0
338|338|sim_10|ivan|debug|COMPLETED|normal|1|None|SchedMain,StartReceived|2026-06-19T06:34:32|2026-06-19T06:34:32|2026-06-19T07:12:32|2026-06-19T07:14:44|00:02:12|132|00:38:00|4560|2|2|2M|2|2|billing=2,cpu=2,mem=2M,node=2||01:00:00|60|264|node[1-2]|0:0
339|339|sim_11|ivan|debug|COMPLETED|normal|1|None|SchedBackfill,StartReceived|2026-06-19T06:34:32|2026-06-19T06:34:32|2026-06-19T06:44:55|2026-06-19T06:44:55|00:00:00|0|00:10:23|1246|2|2|2M|2|2|billing=2,cpu=2,mem=2M,node=2||00:01:00|1|0|node[3-4]|0:0
340|340|sim_12|ivan|debug|COMPLETED|normal|1|None|SchedMain,StartReceived|2026-06-19T06:34:32|2026-06-19T06:34:32|2026-06-19T07:15:38|2026-06-19T07:22:20|00:06:42|402|00:41:06|9864|4|4|4M|4|4|billing=4,cpu=4,mem=4M,node=4||00:31:00|31|1608|node[1-4]|0:0
341|341|sim_13|ivan|debug|COMPLETED|normal|1|None|SchedBackfill,StartReceived|2026-06-19T06:34:32|2026-06-19T06:34:32|2026-06-19T06:55:55|2026-06-19T06:56:17|00:00:22|22|00:21:23|3849|3|3|3M|3|3|billing=3,cpu=3,mem=3M,node=3||00:01:00|1|66|node[1-3]|0:0
342|342|sim_14|ivan|debug|COMPLETED|normal|1|None|SchedBackfill,StartReceived|2026-06-19T06:34:32|2026-06-19T06:34:32|2026-06-19T06:45:25|2026-06-19T06:46:11|00:00:46|46|00:10:53|1306|2|2|2M|2|2|billing=2,cpu=2,mem=2M,node=2||00:09:00|9|92|node[3-4]|0:0
343|343|sim_15|ivan|debug|COMPLETED|normal|1|None|SchedBackfill,StartReceived|2026-06-19T06:34:32|2026-06-19T06:34:32|2026-06-19T06:56:25|2026-06-19T06:57:03|00:00:38|38|00:21:53|3939|3|3|3M|3|3|billing=3,cpu=3,mem=3M,node=3||00:02:00|2|114|node[1-3]|0:0
344|344|sim_16|ivan|debug|COMPLETED|normal|1|None|SchedBackfill,StartReceived|2026-06-19T06:34:32|2026-06-19T06:34:32|2026-06-19T06:57:25|2026-06-19T06:57:25|00:00:00|0|00:22:53|4119|3|3|3M|3|3|billing=3,cpu=3,mem=3M,node=3||00:02:00|2|0|node[1-3]|0:0
345|345|sim_17|ivan|debug|COMPLETED|normal|1|None|SchedMain,StartReceived|2026-06-19T06:34:32|2026-06-19T06:34:32|2026-06-19T07:22:20|2026-06-19T07:23:47|00:01:27|87|00:47:48|5736|2|2|2M|2|2|billing=2,cpu=2,mem=2M,node=2||01:00:00|60|174|node[1-2]|0:0
346|346|sim_18|ivan|debug|COMPLETED|normal|1|None|SchedBackfill,StartReceived|2026-06-19T06:34:32|2026-06-19T06:34:32|2026-06-19T06:46:25|2026-06-19T06:46:25|00:00:00|0|00:11:53|1426|2|2|2M|2|2|billing=2,cpu=2,mem=2M,node=2||00:04:00|4|0|node[3-4]|0:0
347|347|sim_19|ivan|debug|COMPLETED|normal|1|None|SchedMain,StartReceived|2026-06-19T06:34:32|2026-06-19T06:34:32|2026-06-19T07:25:01|2026-06-19T07:27:10|00:02:09|129|00:50:29|12116|4|4|4M|4|4|billing=4,cpu=4,mem=4M,node=4||01:00:00|60|516|node[1-4]|0:0
348|348|sim_20|ivan|debug|COMPLETED|normal|1|None|SchedMain,StartReceived|2026-06-19T06:34:32|2026-06-19T06:34:32|2026-06-19T07:27:10|2026-06-19T07:30:41|00:03:31|211|00:52:38|9474|3|3|3M|3|3|billing=3,cpu=3,mem=3M,node=3||01:00:00|60|633|node[1-3]|0:0
349|349|sim_21|ivan|debug|COMPLETED|normal|1|None|SchedBackfill,StartReceived|2026-06-19T06:34:32|2026-06-19T06:34:32|2026-06-19T06:35:25|2026-06-19T06:44:07|00:08:42|522|00:00:53|53|1|1|1M|1|1|billing=1,cpu=1,mem=1M,node=1||01:00:00|60|522|node4|0:0
350|350|sim_22|ivan|debug|COMPLETED|normal|1|None|SchedBackfill,StartReceived|2026-06-19T06:34:32|2026-06-19T06:34:32|2026-06-19T06:57:55|2026-06-19T06:57:56|00:00:01|1|00:23:23|4209|3|3|3M|3|3|billing=3,cpu=3,mem=3M,node=3||00:01:00|1|3|node[1-3]|0:0
351|351|sim_23|ivan|debug|COMPLETED|normal|1|None|SchedBackfill,StartReceived|2026-06-19T06:34:32|2026-06-19T06:34:32|2026-06-19T06:58:25|2026-06-19T07:01:05|00:02:40|160|00:23:53|4299|3|3|3M|3|3|billing=3,cpu=3,mem=3M,node=3||00:11:00|11|480|node[1-3]|0:0
352|352|sim_24|ivan|debug|COMPLETED|normal|1|None|SchedMain,StartReceived|2026-06-19T06:34:32|2026-06-19T06:34:32|2026-06-19T07:30:42|2026-06-19T07:40:46|00:10:04|604|00:56:10|10110|3|3|3M|3|3|billing=3,cpu=3,mem=3M,node=3||01:00:00|60|1812|node[1-3]|0:0
353|353|sim_25|ivan|debug|COMPLETED|normal|1|None|SchedMain,StartReceived|2026-06-19T06:34:32|2026-06-19T06:34:32|2026-06-19T07:40:46|2026-06-19T07:43:56|00:03:10|190|01:06:14|11922|3|3|3M|3|3|billing=3,cpu=3,mem=3M,node=3||01:00:00|60|570|node[1-3]|0:0
354|354|sim_26|ivan|debug|COMPLETED|normal|1|None|SchedMain,StartReceived|2026-06-19T06:34:32|2026-06-19T06:34:32|2026-06-19T07:57:49|2026-06-19T07:57:50|00:00:01|1|01:23:17|19988|4|4|4M|4|4|billing=4,cpu=4,mem=4M,node=4||00:01:00|1|4|node[1-4]|0:0
355|355|sim_27|ivan|debug|COMPLETED|normal|1|None|SchedBackfill,StartReceived|2026-06-19T06:34:32|2026-06-19T06:34:32|2026-06-19T07:01:25|2026-06-19T07:02:59|00:01:34|94|00:26:53|3226|2|2|2M|2|2|billing=2,cpu=2,mem=2M,node=2||00:09:00|9|188|node[1-2]|0:0
356|356|sim_28|ivan|debug|COMPLETED|normal|1|None|SchedBackfill,StartReceived|2026-06-19T06:34:32|2026-06-19T06:34:32|2026-06-19T06:46:55|2026-06-19T06:46:55|00:00:00|0|00:12:23|1486|2|2|2M|2|2|billing=2,cpu=2,mem=2M,node=2||00:03:00|3|0|node[3-4]|0:0
357|357|sim_29|ivan|debug|COMPLETED|normal|1|None|SchedBackfill,StartReceived|2026-06-19T06:34:33|2026-06-19T06:34:33|2026-06-19T06:47:25|2026-06-19T06:47:25|00:00:00|0|00:12:52|772|1|1|1M|1|1|billing=1,cpu=1,mem=1M,node=1||00:01:00|1|0|node3|0:0
358|358|sim_30|ivan|debug|COMPLETED|normal|1|None|SchedBackfill,StartReceived|2026-06-19T06:34:33|2026-06-19T06:34:33|2026-06-19T07:03:25|2026-06-19T07:05:24|00:01:59|119|00:28:52|5196|3|3|3M|3|3|billing=3,cpu=3,mem=3M,node=3||00:09:00|9|357|node[1-3]|0:0
359|359|sim_31|ivan|debug|COMPLETED|normal|1|None|SchedMain,StartReceived|2026-06-19T06:34:33|2026-06-19T06:34:33|2026-06-19T07:57:52|2026-06-19T08:04:22|00:06:30|390|01:23:19|9998|2|2|2M|2|2|billing=2,cpu=2,mem=2M,node=2||01:00:00|60|780|node[1-2]|0:0
360|360|sim_32|ivan|debug|COMPLETED|normal|1|None|SchedMain,StartReceived|2026-06-19T06:34:33|2026-06-19T06:34:33|2026-06-19T07:57:52|2026-06-19T08:07:56|00:10:04|604|01:23:19|9998|2|2|2M|2|2|billing=2,cpu=2,mem=2M,node=2||01:00:00|60|1208|node[3-4]|0:0
361|361|sim_33|ivan|debug|COMPLETED|normal|1|None|SchedBackfill,StartReceived|2026-06-19T06:34:33|2026-06-19T06:34:33|2026-06-19T07:05:25|2026-06-19T07:05:25|00:00:00|0|00:30:52|5556|3|3|3M|3|3|billing=3,cpu=3,mem=3M,node=3||00:01:00|1|0|node[1-3]|0:0
362|362|sim_34|ivan|debug|COMPLETED|normal|1|None|SchedMain,StartReceived|2026-06-19T06:34:33|2026-06-19T06:34:33|2026-06-19T08:04:22|2026-06-19T08:04:23|00:00:01|1|01:29:49|10778|2|2|2M|2|2|billing=2,cpu=2,mem=2M,node=2||01:00:00|60|2|node[1-2]|0:0
363|363|sim_35|ivan|debug|COMPLETED|normal|1|None|SchedBackfill,StartReceived|2026-06-19T06:34:33|2026-06-19T06:34:33|2026-06-19T07:12:55|2026-06-19T07:13:55|00:01:00|60|00:38:22|4604|2|2|2M|2|2|billing=2,cpu=2,mem=2M,node=2||00:29:00|29|120|node[3-4]|0:0
364|364|sim_36|ivan|debug|COMPLETED|normal|1|None|SchedBackfill,StartReceived|2026-06-19T06:34:33|2026-06-19T06:34:33|2026-06-19T06:47:55|2026-06-19T06:47:55|00:00:00|0|00:13:22|1604|2|2|2M|2|2|billing=2,cpu=2,mem=2M,node=2||00:07:00|7|0|node[3-4]|0:0
365|365|sim_37|ivan|debug|COMPLETED|normal|1|None|SchedBackfill,StartReceived|2026-06-19T06:34:33|2026-06-19T06:34:33|2026-06-19T06:48:25|2026-06-19T06:48:25|00:00:00|0|00:13:52|1664|2|2|2M|2|2|billing=2,cpu=2,mem=2M,node=2||00:01:00|1|0|node[3-4]|0:0
366|366|sim_38|ivan|debug|COMPLETED|normal|1|None|SchedBackfill,StartReceived|2026-06-19T06:34:33|2026-06-19T06:34:33|2026-06-19T06:48:55|2026-06-19T06:49:21|00:00:26|26|00:14:22|862|1|1|1M|1|1|billing=1,cpu=1,mem=1M,node=1||00:02:00|2|26|node3|0:0
367|367|sim_39|ivan|debug|COMPLETED|normal|1|None|SchedBackfill,StartReceived|2026-06-19T06:34:33|2026-06-19T06:34:33|2026-06-19T08:17:55|2026-06-19T08:17:55|00:00:00|0|01:43:22|24808|4|4|4M|4|4|billing=4,cpu=4,mem=4M,node=4||00:01:00|1|0|node[1-4]|0:0
368|368|sim_40|ivan|debug|COMPLETED|normal|1|None|SchedBackfill,StartReceived|2026-06-19T06:34:33|2026-06-19T06:34:33|2026-06-19T06:52:25|2026-06-19T06:53:58|00:01:33|93|00:17:52|1072|1|1|1M|1|1|billing=1,cpu=1,mem=1M,node=1||00:13:00|13|93|node4|0:0
369|369|sim_41|ivan|debug|COMPLETED|normal|1|None|SchedMain,StartReceived|2026-06-19T06:34:33|2026-06-19T06:34:33|2026-06-19T08:17:55|2026-06-19T08:19:35|00:01:40|100|01:43:22|12404|2|2|2M|2|2|billing=2,cpu=2,mem=2M,node=2||01:00:00|60|200|node[1-2]|0:0
370|370|sim_42|ivan|debug|COMPLETED|normal|1|None|SchedBackfill,StartReceived|2026-06-19T06:34:33|2026-06-19T06:34:33|2026-06-19T07:23:55|2026-06-19T07:24:53|00:00:58|58|00:49:22|8886|3|3|3M|3|3|billing=3,cpu=3,mem=3M,node=3||00:04:00|4|174|node[1-3]|0:0
371|371|sim_43|ivan|debug|COMPLETED|normal|1|None|SchedBackfill,StartReceived|2026-06-19T06:34:33|2026-06-19T06:34:33|2026-06-19T06:48:55|2026-06-19T06:50:23|00:01:28|88|00:14:22|862|1|1|1M|1|1|billing=1,cpu=1,mem=1M,node=1||00:05:00|5|88|node4|0:0
372|372|sim_44|ivan|debug|COMPLETED|normal|1|None|SchedBackfill,StartReceived|2026-06-19T06:34:33|2026-06-19T06:34:33|2026-06-19T07:24:55|2026-06-19T07:24:55|00:00:00|0|00:50:22|9066|3|3|3M|3|3|billing=3,cpu=3,mem=3M,node=3||00:01:00|1|0|node[1-3]|0:0
373|373|sim_45|ivan|debug|COMPLETED|normal|1|None|SchedMain,StartReceived|2026-06-19T06:34:33|2026-06-19T06:34:33|2026-06-19T08:23:04|2026-06-19T08:25:26|00:02:22|142|01:48:31|19533|3|3|3M|3|3|billing=3,cpu=3,mem=3M,node=3||01:00:00|60|426|node[1-3]|0:0
374|374|sim_46|ivan|debug|COMPLETED|normal|1|None|SchedMain,StartReceived|2026-06-19T06:34:33|2026-06-19T06:34:33|2026-06-19T08:25:26|2026-06-19T08:29:27|00:04:01|241|01:50:53|19959|3|3|3M|3|3|billing=3,cpu=3,mem=3M,node=3||01:00:00|60|723|node[1-3]|0:0
375|375|sim_47|ivan|debug|COMPLETED|normal|1|None|SchedMain,StartReceived|2026-06-19T06:34:33|2026-06-19T06:34:33|2026-06-19T08:29:27|2026-06-19T08:33:36|00:04:09|249|01:54:54|13788|2|2|2M|2|2|billing=2,cpu=2,mem=2M,node=2||01:00:00|60|498|node[1-2]|0:0
376|376|sim_48|ivan|debug|COMPLETED|normal|1|None|SchedBackfill,StartReceived|2026-06-19T06:34:33|2026-06-19T06:34:33|2026-06-19T06:54:25|2026-06-19T06:54:25|00:00:00|0|00:19:52|1192|1|1|1M|1|1|billing=1,cpu=1,mem=1M,node=1||00:01:00|1|0|node4|0:0
377|377|sim_49|ivan|debug|COMPLETED|normal|1|None|SchedMain,StartReceived|2026-06-19T06:34:33|2026-06-19T06:34:33|2026-06-19T08:34:00|2026-06-19T08:36:02|00:02:02|122|01:59:27|28668|4|4|4M|4|4|billing=4,cpu=4,mem=4M,node=4||00:06:00|6|488|node[1-4]|0:0
378|378|sim_50|ivan|debug|COMPLETED|normal|1|None|SchedBackfill,StartReceived|2026-06-19T06:34:33|2026-06-19T06:34:33|2026-06-19T07:13:55|2026-06-19T07:13:55|00:00:00|0|00:39:22|4724|2|2|2M|2|2|billing=2,cpu=2,mem=2M,node=2||00:01:00|1|0|node[3-4]|0:0
379|379|sim_51|ivan|debug|COMPLETED|normal|1|None|SchedMain,StartReceived|2026-06-19T06:34:33|2026-06-19T06:34:33|2026-06-19T08:36:02|2026-06-19T08:36:03|00:00:01|1|02:01:29|29156|4|4|4M|4|4|billing=4,cpu=4,mem=4M,node=4||00:01:00|1|4|node[1-4]|0:0
380|380|sim_52|ivan|debug|COMPLETED|normal|1|None|SchedBackfill,StartReceived|2026-06-19T06:34:33|2026-06-19T06:34:33|2026-06-19T07:27:25|2026-06-19T07:27:27|00:00:02|2|00:52:52|3172|1|1|1M|1|1|billing=1,cpu=1,mem=1M,node=1||01:00:00|60|2|node4|0:0
381|381|sim_53|ivan|debug|COMPLETED|normal|1|None|SchedBackfill,StartReceived|2026-06-19T06:34:33|2026-06-19T06:34:33|2026-06-19T07:27:55|2026-06-19T07:36:51|00:08:56|536|00:53:22|3202|1|1|1M|1|1|billing=1,cpu=1,mem=1M,node=1||01:00:00|60|536|node4|0:0
382|382|sim_54|ivan|debug|COMPLETED|normal|1|None|SchedMain,StartReceived|2026-06-19T06:34:33|2026-06-19T06:34:33|2026-06-19T08:36:05|2026-06-19T08:40:19|00:04:14|254|02:01:32|29168|4|4|4M|4|4|billing=4,cpu=4,mem=4M,node=4||01:00:00|60|1016|node[1-4]|0:0
383|383|sim_55|ivan|debug|COMPLETED|normal|1|None|SchedMain,StartReceived|2026-06-19T06:34:33|2026-06-19T06:34:33|2026-06-19T08:40:19|2026-06-19T08:42:50|00:02:31|151|02:05:46|30184|4|4|4M|4|4|billing=4,cpu=4,mem=4M,node=4||00:04:00|4|604|node[1-4]|0:0
384|384|sim_56|ivan|debug|COMPLETED|normal|1|None|SchedMain,StartReceived|2026-06-19T06:34:33|2026-06-19T06:34:33|2026-06-19T08:42:50|2026-06-19T08:46:56|00:04:06|246|02:08:17|30788|4|4|4M|4|4|billing=4,cpu=4,mem=4M,node=4||01:00:00|60|984|node[1-4]|0:0
385|385|sim_57|ivan|debug|COMPLETED|normal|1|None|SchedMain,StartReceived|2026-06-19T06:34:33|2026-06-19T06:34:33|2026-06-19T08:46:56|2026-06-19T08:57:01|00:10:05|605|02:12:23|31772|4|4|4M|4|4|billing=4,cpu=4,mem=4M,node=4||00:16:00|16|2420|node[1-4]|0:0
386|386|sim_58|ivan|debug|COMPLETED|normal|1|None|SchedBackfill,StartReceived|2026-06-19T06:34:33|2026-06-19T06:34:33|2026-06-19T07:36:55|2026-06-19T07:47:00|00:10:05|605|01:02:22|3742|1|1|1M|1|1|billing=1,cpu=1,mem=1M,node=1||01:00:00|60|605|node4|0:0
387|387|sim_59|ivan|debug|COMPLETED|normal|1|None|SchedMain,StartReceived|2026-06-19T06:34:33|2026-06-19T06:34:33|2026-06-19T08:57:01|2026-06-19T08:57:02|00:00:01|1|02:22:28|34192|4|4|4M|4|4|billing=4,cpu=4,mem=4M,node=4||00:01:00|1|4|node[1-4]|0:0
388|388|sim_60|ivan|debug|COMPLETED|normal|1|None|SchedBackfill,StartReceived|2026-06-19T06:34:33|2026-06-19T06:34:33|2026-06-19T07:44:25|2026-06-19T07:44:26|00:00:01|1|01:09:52|12576|3|3|3M|3|3|billing=3,cpu=3,mem=3M,node=3||00:01:00|1|3|node[1-3]|0:0
389|389|sim_61|ivan|debug|COMPLETED|normal|1|None|SchedBackfill,StartReceived|2026-06-19T06:34:33|2026-06-19T06:34:33|2026-06-19T06:54:55|2026-06-19T07:03:31|00:08:36|516|00:20:22|1222|1|1|1M|1|1|billing=1,cpu=1,mem=1M,node=1||00:29:00|29|516|node4|0:0
390|390|sim_62|ivan|debug|COMPLETED|normal|1|None|SchedBackfill,StartReceived|2026-06-19T06:34:33|2026-06-19T06:34:33|2026-06-19T07:14:25|2026-06-19T07:15:38|00:01:13|73|00:39:52|2392|1|1|1M|1|1|billing=1,cpu=1,mem=1M,node=1||00:09:00|9|73|node3|0:0
391|391|sim_63|ivan|debug|COMPLETED|normal|1|None|SchedMain,StartReceived|2026-06-19T06:34:33|2026-06-19T06:34:33|2026-06-19T08:57:04|2026-06-19T09:01:05|00:04:01|241|02:22:31|34204|4|4|4M|4|4|billing=4,cpu=4,mem=4M,node=4||00:46:00|46|964|node[1-4]|0:0
392|392|sim_64|ivan|debug|COMPLETED|normal|1|None|SchedMain,StartReceived|2026-06-19T06:34:33|2026-06-19T06:34:33|2026-06-19T09:01:05|2026-06-19T09:03:53|00:02:48|168|02:26:32|17584|2|2|2M|2|2|billing=2,cpu=2,mem=2M,node=2||01:00:00|60|336|node[1-2]|0:0
393|393|sim_65|ivan|debug|COMPLETED|normal|1|None|SchedMain,StartReceived|2026-06-19T06:34:33|2026-06-19T06:34:33|2026-06-19T09:06:33|2026-06-19T09:10:31|00:03:58|238|02:32:00|36480|4|4|4M|4|4|billing=4,cpu=4,mem=4M,node=4||00:11:00|11|952|node[1-4]|0:0
394|394|sim_66|ivan|debug|COMPLETED|normal|1|None|SchedBackfill,StartReceived|2026-06-19T06:34:33|2026-06-19T06:34:33|2026-06-19T07:01:25|2026-06-19T07:02:39|00:01:14|74|00:26:52|1612|1|1|1M|1|1|billing=1,cpu=1,mem=1M,node=1||00:05:00|5|74|node3|0:0
395|395|sim_67|ivan|debug|COMPLETED|normal|1|None|SchedMain,StartReceived|2026-06-19T06:34:33|2026-06-19T06:34:33|2026-06-19T09:10:31|2026-06-19T09:11:06|00:00:35|35|02:35:58|18716|2|2|2M|2|2|billing=2,cpu=2,mem=2M,node=2||01:00:00|60|70|node[1-2]|0:0
396|396|sim_68|ivan|debug|COMPLETED|normal|1|None|SchedBackfill,StartReceived|2026-06-19T06:34:33|2026-06-19T06:34:33|2026-06-19T07:22:25|2026-06-19T07:22:25|00:00:00|0|00:47:52|5744|2|2|2M|2|2|billing=2,cpu=2,mem=2M,node=2||00:07:00|7|0|node[3-4]|0:0
397|397|sim_69|ivan|debug|COMPLETED|normal|1|None|SchedBackfill,StartReceived|2026-06-19T06:34:33|2026-06-19T06:34:33|2026-06-19T07:14:55|2026-06-19T07:14:55|00:00:00|0|00:40:22|4844|2|2|2M|2|2|billing=2,cpu=2,mem=2M,node=2||00:01:00|1|0|node[1-2]|0:0
398|398|sim_70|ivan|debug|COMPLETED|normal|1|None|SchedBackfill,StartReceived|2026-06-19T06:34:33|2026-06-19T06:34:33|2026-06-19T07:44:55|2026-06-19T07:46:43|00:01:48|108|01:10:22|12666|3|3|3M|3|3|billing=3,cpu=3,mem=3M,node=3||00:12:00|12|324|node[1-3]|0:0
399|399|sim_71|ivan|debug|COMPLETED|normal|1|None|SchedMain,StartReceived|2026-06-19T06:34:33|2026-06-19T06:34:33|2026-06-19T09:16:59|2026-06-19T09:17:00|00:00:01|1|02:42:26|38984|4|4|4M|4|4|billing=4,cpu=4,mem=4M,node=4||00:08:00|8|4|node[1-4]|0:0
400|400|sim_72|ivan|debug|COMPLETED|normal|1|None|SchedMain,StartReceived|2026-06-19T06:34:33|2026-06-19T06:34:33|2026-06-19T09:17:02|2026-06-19T09:27:06|00:10:04|604|02:42:29|38996|4|4|4M|4|4|billing=4,cpu=4,mem=4M,node=4||01:00:00|60|2416|node[1-4]|0:0
401|401|sim_73|ivan|debug|COMPLETED|normal|1|None|SchedBackfill,StartReceived|2026-06-19T06:34:33|2026-06-19T06:34:33|2026-06-19T07:46:55|2026-06-19T07:55:47|00:08:52|532|01:12:22|13026|3|3|3M|3|3|billing=3,cpu=3,mem=3M,node=3||00:38:00|38|1596|node[1-3]|0:0
402|402|sim_74|ivan|debug|COMPLETED|normal|1|None|SchedBackfill,StartReceived|2026-06-19T06:34:33|2026-06-19T06:34:33|2026-06-19T07:22:55|2026-06-19T07:22:55|00:00:00|0|00:48:22|2902|1|1|1M|1|1|billing=1,cpu=1,mem=1M,node=1||00:16:00|16|0|node3|0:0
403|403|sim_75|ivan|debug|COMPLETED|normal|1|None|SchedMain,StartReceived|2026-06-19T06:34:33|2026-06-19T06:34:33|2026-06-19T09:27:06|2026-06-19T09:27:07|00:00:01|1|02:52:33|41412|4|4|4M|4|4|billing=4,cpu=4,mem=4M,node=4||00:01:00|1|4|node[1-4]|0:0
404|404|sim_76|ivan|debug|COMPLETED|normal|1|None|SchedBackfill,StartReceived|2026-06-19T06:34:33|2026-06-19T06:34:33|2026-06-19T07:55:55|2026-06-19T07:55:55|00:00:00|0|01:21:22|14646|3|3|3M|3|3|billing=3,cpu=3,mem=3M,node=3||00:01:00|1|0|node[1-3]|0:0
405|405|sim_77|ivan|debug|COMPLETED|normal|1|None|SchedBackfill,StartReceived|2026-06-19T06:34:33|2026-06-19T06:34:33|2026-06-19T07:56:25|2026-06-19T07:56:25|00:00:00|0|01:21:52|14736|3|3|3M|3|3|billing=3,cpu=3,mem=3M,node=3||00:01:00|1|0|node[1-3]|0:0
406|406|sim_78|ivan|debug|COMPLETED|normal|1|None|SchedMain,StartReceived|2026-06-19T06:34:33|2026-06-19T06:34:33|2026-06-19T09:27:09|2026-06-19T09:30:36|00:03:27|207|02:52:36|31068|3|3|3M|3|3|billing=3,cpu=3,mem=3M,node=3||01:00:00|60|621|node[1-3]|0:0
407|407|sim_79|ivan|debug|COMPLETED|normal|1|None|SchedMain,StartReceived|2026-06-19T06:34:33|2026-06-19T06:34:33|2026-06-19T09:30:36|2026-06-19T09:36:00|00:05:24|324|02:56:03|42252|4|4|4M|4|4|billing=4,cpu=4,mem=4M,node=4||00:58:00|58|1296|node[1-4]|0:0
408|408|sim_80|ivan|debug|COMPLETED|normal|1|None|SchedMain,StartReceived|2026-06-19T06:34:33|2026-06-19T06:34:33|2026-06-19T09:36:00|2026-06-19T09:38:02|00:02:02|122|03:01:27|43548|4|4|4M|4|4|billing=4,cpu=4,mem=4M,node=4||00:17:00|17|488|node[1-4]|0:0
409|409|sim_81|ivan|debug|COMPLETED|normal|1|None|SchedBackfill,StartReceived|2026-06-19T06:34:33|2026-06-19T06:34:33|2026-06-19T08:09:25|2026-06-19T08:17:54|00:08:29|509|01:34:52|17076|3|3|3M|3|3|billing=3,cpu=3,mem=3M,node=3||00:09:00|9|1527|node[1,3-4]|0:0
410|410|sim_82|ivan|debug|COMPLETED|normal|1|None|SchedBackfill,StartReceived|2026-06-19T06:34:33|2026-06-19T06:34:33|2026-06-19T07:56:55|2026-06-19T07:57:49|00:00:54|54|01:22:22|14826|3|3|3M|3|3|billing=3,cpu=3,mem=3M,node=3||00:02:00|2|162|node[1-3]|0:0
411|411|sim_83|ivan|debug|COMPLETED|normal|1|None|SchedMain,StartReceived|2026-06-19T06:34:33|2026-06-19T06:34:33|2026-06-19T09:38:02|2026-06-19T09:40:56|00:02:54|174|03:03:29|33027|3|3|3M|3|3|billing=3,cpu=3,mem=3M,node=3||01:00:00|60|522|node[1-3]|0:0
412|412|sim_84|ivan|debug|COMPLETED|normal|1|None|SchedBackfill,StartReceived|2026-06-19T06:34:33|2026-06-19T06:34:33|2026-06-19T07:15:25|2026-06-19T07:15:25|00:00:00|0|00:40:52|4904|2|2|2M|2|2|billing=2,cpu=2,mem=2M,node=2||00:01:00|1|0|node[1-2]|0:0
413|413|sim_85|ivan|debug|COMPLETED|normal|1|None|SchedBackfill,StartReceived|2026-06-19T06:34:33|2026-06-19T06:34:33|2026-06-19T08:04:25|2026-06-19T08:04:26|00:00:01|1|01:29:52|10784|2|2|2M|2|2|billing=2,cpu=2,mem=2M,node=2||00:01:00|1|2|node[1-2]|0:0
414|414|sim_86|ivan|debug|COMPLETED|normal|1|None|SchedBackfill,StartReceived|2026-06-19T06:34:33|2026-06-19T06:34:33|2026-06-19T08:33:55|2026-06-19T08:33:55|00:00:00|0|01:59:22|21486|3|3|3M|3|3|billing=3,cpu=3,mem=3M,node=3||00:01:00|1|0|node[1-3]|0:0
415|415|sim_87|ivan|debug|COMPLETED|normal|1|None|SchedBackfill,StartReceived|2026-06-19T06:34:33|2026-06-19T06:34:33|2026-06-19T08:18:25|2026-06-19T08:21:34|00:03:09|189|01:43:52|6232|1|1|1M|1|1|billing=1,cpu=1,mem=1M,node=1||01:00:00|60|189|node4|0:0
416|416|sim_88|ivan|debug|COMPLETED|normal|1|None|SchedMain,StartReceived|2026-06-19T06:34:33|2026-06-19T06:34:33|2026-06-19T09:40:56|2026-06-19T09:46:08|00:05:12|312|03:06:23|22366|2|2|2M|2|2|billing=2,cpu=2,mem=2M,node=2||01:00:00|60|624|node[1-2]|0:0
417|417|sim_89|ivan|debug|COMPLETED|normal|1|None|SchedMain,StartReceived|2026-06-19T06:34:33|2026-06-19T06:34:33|2026-06-19T09:47:26|2026-06-19T09:47:27|00:00:01|1|03:12:53|34719|3|3|3M|3|3|billing=3,cpu=3,mem=3M,node=3||00:01:00|1|3|node[1-3]|0:0
418|418|sim_90|ivan|debug|COMPLETED|normal|1|None|SchedMain,StartReceived|2026-06-19T06:34:33|2026-06-19T06:34:33|2026-06-19T09:47:29|2026-06-19T09:49:53|00:02:24|144|03:12:56|46304|4|4|4M|4|4|billing=4,cpu=4,mem=4M,node=4||01:00:00|60|576|node[1-4]|0:0
419|419|sim_91|ivan|debug|COMPLETED|normal|1|None|SchedMain,StartReceived|2026-06-19T06:34:33|2026-06-19T06:34:33|2026-06-19T09:49:53|2026-06-19T09:49:54|00:00:01|1|03:15:20|35160|3|3|3M|3|3|billing=3,cpu=3,mem=3M,node=3||00:03:00|3|3|node[1-3]|0:0
420|420|sim_92|ivan|debug|COMPLETED|normal|1|None|SchedMain,StartReceived|2026-06-19T06:34:33|2026-06-19T06:34:33|2026-06-19T09:49:56|2026-06-19T09:54:22|00:04:26|266|03:15:23|23446|2|2|2M|2|2|billing=2,cpu=2,mem=2M,node=2||01:00:00|60|532|node[1-2]|0:0
421|421|sim_93|ivan|debug|COMPLETED|normal|1|None|SchedMain,StartReceived|2026-06-19T06:34:33|2026-06-19T06:34:33|2026-06-19T09:49:56|2026-06-19T09:51:08|00:01:12|72|03:15:23|23446|2|2|2M|2|2|billing=2,cpu=2,mem=2M,node=2||01:00:00|60|144|node[3-4]|0:0
422|422|sim_94|ivan|debug|COMPLETED|normal|1|None|SchedMain,StartReceived|2026-06-19T06:34:33|2026-06-19T06:34:33|2026-06-19T09:58:41|2026-06-19T10:04:21|00:05:40|340|03:24:08|36744|3|3|3M|3|3|billing=3,cpu=3,mem=3M,node=3||01:00:00|60|1020|node[1-3]|0:0
423|423|sim_95|ivan|debug|COMPLETED|normal|1|None|SchedMain,StartReceived|2026-06-19T06:34:33|2026-06-19T06:34:33|2026-06-19T10:04:21|2026-06-19T10:04:22|00:00:01|1|03:29:48|37764|3|3|3M|3|3|billing=3,cpu=3,mem=3M,node=3||00:01:00|1|3|node[1-3]|0:0
424|424|sim_96|ivan|debug|COMPLETED|normal|1|None|SchedBackfill,StartReceived|2026-06-19T06:34:33|2026-06-19T06:34:33|2026-06-19T08:04:55|2026-06-19T08:09:05|00:04:10|250|01:30:22|5422|1|1|1M|1|1|billing=1,cpu=1,mem=1M,node=1||00:50:00|50|250|node1|0:0
425|425|sim_97|ivan|debug|COMPLETED|normal|1|None|SchedMain,StartReceived|2026-06-19T06:34:33|2026-06-19T06:34:33|2026-06-19T10:04:24|2026-06-19T10:04:26|00:00:02|2|03:29:51|37773|3|3|3M|3|3|billing=3,cpu=3,mem=3M,node=3||00:01:00|1|6|node[1-3]|0:0
426|426|sim_98|ivan|debug|COMPLETED|normal|1|None|SchedBackfill,StartReceived|2026-06-19T06:34:33|2026-06-19T06:34:33|2026-06-19T08:08:25|2026-06-19T08:08:25|00:00:00|0|01:33:52|11264|2|2|2M|2|2|billing=2,cpu=2,mem=2M,node=2||00:06:00|6|0|node[3-4]|0:0
427|427|sim_99|ivan|debug|COMPLETED|normal|1|None|SchedBackfill,StartReceived|2026-06-19T06:34:33|2026-06-19T06:34:33|2026-06-19T10:04:26|2026-06-19T10:04:26|00:00:00|0|03:29:53|37779|3|3|3M|3|3|billing=3,cpu=3,mem=3M,node=3||00:07:00|7|0|node[1-3]|0:0
428|428|sim_100|ivan|debug|COMPLETED|normal|1|None|SchedMain,StartReceived|2026-06-19T06:34:33|2026-06-19T06:34:33|2026-06-19T10:10:33|2026-06-19T10:18:00|00:07:27|447|03:36:00|51840|4|4|4M|4|4|billing=4,cpu=4,mem=4M,node=4||00:17:00|17|1788|node[1-4]|0:0
429|429|sim_101|ivan|debug|COMPLETED|normal|1|None|SchedMain,StartReceived|2026-06-19T06:34:33|2026-06-19T06:34:33|2026-06-19T10:18:00|2026-06-19T10:18:27|00:00:27|27|03:43:27|53628|4|4|4M|4|4|billing=4,cpu=4,mem=4M,node=4||00:03:00|3|108|node[1-4]|0:0
430|430|sim_102|ivan|debug|COMPLETED|normal|1|None|SchedBackfill,StartReceived|2026-06-19T06:34:33|2026-06-19T06:34:33|2026-06-19T10:04:56|2026-06-19T10:06:58|00:02:02|122|03:30:23|37869|3|3|3M|3|3|billing=3,cpu=3,mem=3M,node=3||00:09:00|9|366|node[1-3]|0:0
431|431|sim_103|ivan|debug|COMPLETED|normal|1|None|SchedBackfill,StartReceived|2026-06-19T06:34:33|2026-06-19T06:34:33|2026-06-19T08:08:55|2026-06-19T08:08:55|00:00:00|0|01:34:22|11324|2|2|2M|2|2|billing=2,cpu=2,mem=2M,node=2||00:02:00|2|0|node[3-4]|0:0
432|432|sim_104|ivan|debug|COMPLETED|normal|1|None|SchedBackfill,StartReceived|2026-06-19T06:34:33|2026-06-19T06:34:33|2026-06-19T08:19:55|2026-06-19T08:20:33|00:00:38|38|01:45:22|12644|2|2|2M|2|2|billing=2,cpu=2,mem=2M,node=2||00:02:00|2|76|node[1-2]|0:0
433|433|sim_105|ivan|debug|COMPLETED|normal|1|None|SchedBackfill,StartReceived|2026-06-19T06:34:33|2026-06-19T06:34:33|2026-06-19T08:04:55|2026-06-19T08:15:00|00:10:05|605|01:30:22|5422|1|1|1M|1|1|billing=1,cpu=1,mem=1M,node=1||00:47:00|47|605|node2|0:0
434|434|sim_106|ivan|debug|COMPLETED|normal|1|None|SchedMain,StartReceived|2026-06-19T06:34:33|2026-06-19T06:34:33|2026-06-19T10:18:27|2026-06-19T10:25:36|00:07:09|429|03:43:54|53736|4|4|4M|4|4|billing=4,cpu=4,mem=4M,node=4||01:00:00|60|1716|node[1-4]|0:0
435|435|sim_107|ivan|debug|COMPLETED|normal|1|None|SchedMain,StartReceived|2026-06-19T06:34:33|2026-06-19T06:34:33|2026-06-19T10:25:36|2026-06-19T10:26:59|00:01:23|83|03:51:03|55452|4|4|4M|4|4|billing=4,cpu=4,mem=4M,node=4||00:05:00|5|332|node[1-4]|0:0
436|436|sim_108|ivan|debug|COMPLETED|normal|1|None|SchedMain,StartReceived|2026-06-19T06:34:33|2026-06-19T06:34:33|2026-06-19T10:26:59|2026-06-19T10:27:00|00:00:01|1|03:52:26|55784|4|4|4M|4|4|billing=4,cpu=4,mem=4M,node=4||00:01:00|1|4|node[1-4]|0:0
437|437|sim_109|ivan|debug|COMPLETED|normal|1|None|SchedBackfill,StartReceived|2026-06-19T06:34:33|2026-06-19T06:34:33|2026-06-19T08:20:55|2026-06-19T08:20:55|00:00:00|0|01:46:22|12764|2|2|2M|2|2|billing=2,cpu=2,mem=2M,node=2||00:01:00|1|0|node[1-2]|0:0
438|438|sim_110|ivan|debug|COMPLETED|normal|1|None|SchedBackfill,StartReceived|2026-06-19T06:34:33|2026-06-19T06:34:33|2026-06-19T08:21:25|2026-06-19T08:23:04|00:01:39|99|01:46:52|12824|2|2|2M|2|2|billing=2,cpu=2,mem=2M,node=2||00:05:00|5|198|node[1-2]|0:0
439|439|sim_111|ivan|debug|COMPLETED|normal|1|None|SchedMain,StartReceived|2026-06-19T06:34:33|2026-06-19T06:34:33|2026-06-19T10:27:02|2026-06-19T10:37:06|00:10:04|604|03:52:29|55796|4|4|4M|4|4|billing=4,cpu=4,mem=4M,node=4||00:12:00|12|2416|node[1-4]|0:0
440|440|sim_112|ivan|debug|COMPLETED|normal|1|None|SchedBackfill,StartReceived|2026-06-19T06:34:33|2026-06-19T06:34:33|2026-06-19T10:07:26|2026-06-19T10:07:27|00:00:01|1|03:32:53|38319|3|3|3M|3|3|billing=3,cpu=3,mem=3M,node=3||00:01:00|1|3|node[1-3]|0:0
441|441|sim_113|ivan|debug|COMPLETED|normal|1|None|SchedBackfill,StartReceived|2026-06-19T06:34:33|2026-06-19T06:34:33|2026-06-19T10:07:56|2026-06-19T10:07:56|00:00:00|0|03:33:23|38409|3|3|3M|3|3|billing=3,cpu=3,mem=3M,node=3||00:01:00|1|0|node[1-3]|0:0
442|442|sim_114|ivan|debug|COMPLETED|normal|1|None|SchedBackfill,StartReceived|2026-06-19T06:34:33|2026-06-19T06:34:33|2026-06-19T09:01:25|2026-06-19T09:06:02|00:04:37|277|02:26:52|17624|2|2|2M|2|2|billing=2,cpu=2,mem=2M,node=2||00:11:00|11|554|node[3-4]|0:0
443|443|sim_115|ivan|debug|COMPLETED|normal|1|None|SchedMain,StartReceived|2026-06-19T06:34:33|2026-06-19T06:34:33|2026-06-19T10:37:06|2026-06-19T10:37:07|00:00:01|1|04:02:33|29106|2|2|2M|2|2|billing=2,cpu=2,mem=2M,node=2||01:00:00|60|2|node[1-2]|0:0
444|444|sim_116|ivan|debug|COMPLETED|normal|1|None|SchedBackfill,StartReceived|2026-06-19T06:34:33|2026-06-19T06:34:33|2026-06-19T10:08:26|2026-06-19T10:10:33|00:02:07|127|03:33:53|38499|3|3|3M|3|3|billing=3,cpu=3,mem=3M,node=3||00:41:00|41|381|node[1-3]|0:0
445|445|sim_117|ivan|debug|COMPLETED|normal|1|None|SchedMain,StartReceived|2026-06-19T06:34:33|2026-06-19T06:34:33|2026-06-19T10:37:09|2026-06-19T10:40:20|00:03:11|191|04:02:36|58224|4|4|4M|4|4|billing=4,cpu=4,mem=4M,node=4||00:06:00|6|764|node[1-4]|0:0
446|446|sim_118|ivan|debug|COMPLETED|normal|1|None|SchedBackfill,StartReceived|2026-06-19T06:34:33|2026-06-19T06:34:33|2026-06-19T09:03:55|2026-06-19T09:06:33|00:02:38|158|02:29:22|17924|2|2|2M|2|2|billing=2,cpu=2,mem=2M,node=2||00:03:00|3|316|node[1-2]|0:0
447|447|sim_119|ivan|debug|COMPLETED|normal|1|None|SchedMain,StartReceived|2026-06-19T06:34:33|2026-06-19T06:34:33|2026-06-19T10:40:20|2026-06-19T10:46:46|00:06:26|386|04:05:47|58988|4|4|4M|4|4|billing=4,cpu=4,mem=4M,node=4||00:46:00|46|1544|node[1-4]|0:0
448|448|sim_120|ivan|debug|COMPLETED|normal|1|None|SchedBackfill,StartReceived|2026-06-19T06:34:33|2026-06-19T06:34:33|2026-06-19T08:18:25|2026-06-19T08:22:30|00:04:05|245|01:43:52|6232|1|1|1M|1|1|billing=1,cpu=1,mem=1M,node=1||00:47:00|47|245|node3|0:0
449|449|sim_121|ivan|debug|COMPLETED|normal|1|None|SchedBackfill,StartReceived|2026-06-19T06:34:33|2026-06-19T06:34:33|2026-06-19T09:10:55|2026-06-19T09:16:36|00:05:41|341|02:36:22|18764|2|2|2M|2|2|billing=2,cpu=2,mem=2M,node=2||00:12:00|12|682|node[3-4]|0:0
450|450|sim_122|ivan|debug|COMPLETED|normal|1|None|SchedMain,StartReceived|2026-06-19T06:34:33|2026-06-19T06:34:33|2026-06-19T10:46:47|2026-06-19T10:48:12|00:01:25|85|04:12:14|60536|4|4|4M|4|4|billing=4,cpu=4,mem=4M,node=4||01:00:00|60|340|node[1-4]|0:0
451|451|sim_123|ivan|debug|COMPLETED|normal|1|None|SchedMain,StartReceived|2026-06-19T06:34:33|2026-06-19T06:34:33|2026-06-19T10:48:12|2026-06-19T10:48:13|00:00:01|1|04:13:39|60876|4|4|4M|4|4|billing=4,cpu=4,mem=4M,node=4||00:01:00|1|4|node[1-4]|0:0
452|452|sim_124|ivan|debug|COMPLETED|normal|1|None|SchedMain,StartReceived|2026-06-19T06:34:33|2026-06-19T06:34:33|2026-06-19T10:48:15|2026-06-19T10:58:19|00:10:04|604|04:13:42|60888|4|4|4M|4|4|billing=4,cpu=4,mem=4M,node=4||00:15:00|15|2416|node[1-4]|0:0
453|453|sim_125|ivan|debug|COMPLETED|normal|1|None|SchedBackfill,StartReceived|2026-06-19T06:34:33|2026-06-19T06:34:33|2026-06-19T09:11:25|2026-06-19T09:11:26|00:00:01|1|02:36:52|18824|2|2|2M|2|2|billing=2,cpu=2,mem=2M,node=2||00:01:00|1|2|node[1-2]|0:0
454|454|sim_126|ivan|debug|COMPLETED|normal|1|None|SchedMain,StartReceived|2026-06-19T06:34:33|2026-06-19T06:34:33|2026-06-19T10:58:19|2026-06-19T10:59:29|00:01:10|70|04:23:46|63304|4|4|4M|4|4|billing=4,cpu=4,mem=4M,node=4||00:04:00|4|280|node[1-4]|0:0
455|455|sim_127|ivan|debug|COMPLETED|normal|1|None|SchedMain,StartReceived|2026-06-19T06:34:33|2026-06-19T06:34:33|2026-06-19T10:59:29|2026-06-19T10:59:30|00:00:01|1|04:24:56|63584|4|4|4M|4|4|billing=4,cpu=4,mem=4M,node=4||00:01:00|1|4|node[1-4]|0:0
456|456|sim_128|ivan|debug|COMPLETED|normal|1|None|SchedMain,StartReceived|2026-06-19T06:34:33|2026-06-19T06:34:33|2026-06-19T10:59:32|2026-06-19T10:59:33|00:00:01|1|04:24:59|63596|4|4|4M|4|4|billing=4,cpu=4,mem=4M,node=4||00:07:00|7|4|node[1-4]|0:0
457|457|sim_129|ivan|debug|COMPLETED|normal|1|None|SchedBackfill,StartReceived|2026-06-19T06:34:33|2026-06-19T06:34:33|2026-06-19T08:23:25|2026-06-19T08:23:27|00:00:02|2|01:48:52|6532|1|1|1M|1|1|billing=1,cpu=1,mem=1M,node=1||01:00:00|60|2|node4|0:0
458|458|sim_130|ivan|debug|COMPLETED|normal|1|None|SchedMain,StartReceived|2026-06-19T06:34:33|2026-06-19T06:34:33|2026-06-19T10:59:35|2026-06-19T11:01:24|00:01:49|109|04:25:02|47706|3|3|3M|3|3|billing=3,cpu=3,mem=3M,node=3||00:02:00|2|327|node[1-3]|0:0
459|459|sim_131|ivan|debug|COMPLETED|normal|1|None|SchedMain,StartReceived|2026-06-19T06:34:33|2026-06-19T06:34:33|2026-06-19T11:01:24|2026-06-19T11:01:25|00:00:01|1|04:26:51|64044|4|4|4M|4|4|billing=4,cpu=4,mem=4M,node=4||00:01:00|1|4|node[1-4]|0:0
460|460|sim_132|ivan|debug|COMPLETED|normal|1|None|SchedBackfill,StartReceived|2026-06-19T06:34:33|2026-06-19T06:34:33|2026-06-19T11:01:26|2026-06-19T11:04:43|00:03:17|197|04:26:53|64052|4|4|4M|4|4|billing=4,cpu=4,mem=4M,node=4||01:00:00|60|788|node[1-4]|0:0
461|461|sim_133|ivan|debug|COMPLETED|normal|1|None|SchedBackfill,StartReceived|2026-06-19T06:34:33|2026-06-19T06:34:33|2026-06-19T07:47:25|2026-06-19T07:51:09|00:03:44|224|01:12:52|4372|1|1|1M|1|1|billing=1,cpu=1,mem=1M,node=1||00:20:00|20|224|node4|0:0
462|462|sim_134|ivan|debug|COMPLETED|normal|1|None|SchedMain,StartReceived|2026-06-19T06:34:33|2026-06-19T06:34:33|2026-06-19T11:04:45|2026-06-19T11:04:45|00:00:00|0|04:30:12|64848|4|4|4M|4|4|billing=4,cpu=4,mem=4M,node=4||00:05:00|5|0|node[1-4]|0:0
463|463|sim_135|ivan|debug|COMPLETED|normal|1|None|SchedBackfill,StartReceived|2026-06-19T06:34:33|2026-06-19T06:34:33|2026-06-19T07:03:55|2026-06-19T07:05:54|00:01:59|119|00:29:22|1762|1|1|1M|1|1|billing=1,cpu=1,mem=1M,node=1||00:08:00|8|119|node4|0:0
464|464|sim_136|ivan|debug|COMPLETED|normal|1|None|SchedBackfill,StartReceived|2026-06-19T06:34:33|2026-06-19T06:34:33|2026-06-19T09:11:55|2026-06-19T09:11:56|00:00:01|1|02:37:22|18884|2|2|2M|2|2|billing=2,cpu=2,mem=2M,node=2||00:01:00|1|2|node[1-2]|0:0
465|465|sim_137|ivan|debug|COMPLETED|normal|1|None|SchedMain,StartReceived|2026-06-19T06:34:33|2026-06-19T06:34:33|2026-06-19T11:04:48|2026-06-19T11:06:36|00:01:48|108|04:30:15|48645|3|3|3M|3|3|billing=3,cpu=3,mem=3M,node=3||01:00:00|60|324|node[1-3]|0:0
466|466|sim_138|ivan|debug|COMPLETED|normal|1|None|SchedBackfill,StartReceived|2026-06-19T06:34:33|2026-06-19T06:34:33|2026-06-19T09:12:25|2026-06-19T09:16:59|00:04:34|274|02:37:52|18944|2|2|2M|2|2|billing=2,cpu=2,mem=2M,node=2||00:09:00|9|548|node[1-2]|0:0
467|467|sim_139|ivan|debug|COMPLETED|normal|1|None|SchedMain,StartReceived|2026-06-19T06:34:33|2026-06-19T06:34:33|2026-06-19T11:06:37|2026-06-19T11:07:12|00:00:35|35|04:32:04|48972|3|3|3M|3|3|billing=3,cpu=3,mem=3M,node=3||00:02:00|2|105|node[1-3]|0:0
468|468|sim_140|ivan|debug|COMPLETED|normal|1|None|SchedBackfill,StartReceived|2026-06-19T06:34:33|2026-06-19T06:34:33|2026-06-19T07:02:55|2026-06-19T07:02:55|00:00:00|0|00:28:22|1702|1|1|1M|1|1|billing=1,cpu=1,mem=1M,node=1||00:02:00|2|0|node3|0:0
469|469|sim_141|ivan|debug|COMPLETED|normal|1|None|SchedMain,StartReceived|2026-06-19T06:34:33|2026-06-19T06:34:33|2026-06-19T11:07:12|2026-06-19T11:08:52|00:01:40|100|04:32:39|49077|3|3|3M|3|3|billing=3,cpu=3,mem=3M,node=3||00:13:00|13|300|node[1-3]|0:0
470|470|sim_142|ivan|debug|COMPLETED|normal|1|None|SchedMain,StartReceived|2026-06-19T06:34:33|2026-06-19T06:34:33|2026-06-19T11:08:52|2026-06-19T11:18:07|00:09:15|555|04:34:19|49377|3|3|3M|3|3|billing=3,cpu=3,mem=3M,node=3||01:00:00|60|1665|node[1-3]|0:0
471|471|sim_143|ivan|debug|COMPLETED|normal|1|None|SchedMain,StartReceived|2026-06-19T06:34:33|2026-06-19T06:34:33|2026-06-19T11:18:07|2026-06-19T11:18:23|00:00:16|16|04:43:34|51042|3|3|3M|3|3|billing=3,cpu=3,mem=3M,node=3||00:04:00|4|48|node[1-3]|0:0
472|472|sim_144|ivan|debug|COMPLETED|normal|1|None|SchedMain,StartReceived|2026-06-19T06:34:33|2026-06-19T06:34:33|2026-06-19T11:18:23|2026-06-19T11:19:41|00:01:18|78|04:43:50|34060|2|2|2M|2|2|billing=2,cpu=2,mem=2M,node=2||01:00:00|60|156|node[1-2]|0:0
473|473|sim_145|ivan|debug|COMPLETED|normal|1|None|SchedBackfill,StartReceived|2026-06-19T06:34:33|2026-06-19T06:34:33|2026-06-19T09:41:26|2026-06-19T09:41:56|00:00:30|30|03:06:53|22426|2|2|2M|2|2|billing=2,cpu=2,mem=2M,node=2||00:16:00|16|60|node[3-4]|0:0
474|474|sim_146|ivan|debug|COMPLETED|normal|1|None|SchedBackfill,StartReceived|2026-06-19T06:34:33|2026-06-19T06:34:33|2026-06-19T09:16:56|2026-06-19T09:16:56|00:00:00|0|02:42:23|19486|2|2|2M|2|2|billing=2,cpu=2,mem=2M,node=2||00:01:00|1|0|node[3-4]|0:0
475|475|sim_147|ivan|debug|COMPLETED|normal|1|None|SchedBackfill,StartReceived|2026-06-19T06:34:33|2026-06-19T06:34:33|2026-06-19T09:42:26|2026-06-19T09:42:26|00:00:00|0|03:07:53|22546|2|2|2M|2|2|billing=2,cpu=2,mem=2M,node=2||00:01:00|1|0|node[3-4]|0:0
476|476|sim_148|ivan|debug|COMPLETED|normal|1|None|SchedMain,StartReceived|2026-06-19T06:34:33|2026-06-19T06:34:33|2026-06-19T11:20:39|2026-06-19T11:23:03|00:02:24|144|04:46:06|51498|3|3|3M|3|3|billing=3,cpu=3,mem=3M,node=3||00:03:00|3|432|node[1-3]|0:0
477|477|sim_149|ivan|debug|COMPLETED|normal|1|None|SchedMain,StartReceived|2026-06-19T06:34:33|2026-06-19T06:34:33|2026-06-19T11:23:03|2026-06-19T11:25:16|00:02:13|133|04:48:30|34620|2|2|2M|2|2|billing=2,cpu=2,mem=2M,node=2||01:00:00|60|266|node[1-2]|0:0
478|478|sim_150|ivan|debug|COMPLETED|normal|1|None|SchedBackfill,StartReceived|2026-06-19T06:34:33|2026-06-19T06:34:33|2026-06-19T09:42:56|2026-06-19T09:42:56|00:00:00|0|03:08:23|22606|2|2|2M|2|2|billing=2,cpu=2,mem=2M,node=2||00:01:00|1|0|node[3-4]|0:0
479|479|sim_151|ivan|debug|COMPLETED|normal|1|None|SchedBackfill,StartReceived|2026-06-19T06:34:33|2026-06-19T06:34:33|2026-06-19T09:43:26|2026-06-19T09:46:57|00:03:31|211|03:08:53|22666|2|2|2M|2|2|billing=2,cpu=2,mem=2M,node=2||00:08:00|8|422|node[3-4]|0:0
480|480|sim_152|ivan|debug|COMPLETED|normal|1|None|SchedBackfill,StartReceived|2026-06-19T06:34:33|2026-06-19T06:34:33|2026-06-19T07:14:25|2026-06-19T07:15:27|00:01:02|62|00:39:52|2392|1|1|1M|1|1|billing=1,cpu=1,mem=1M,node=1||00:05:00|5|62|node4|0:0
481|481|sim_153|ivan|debug|COMPLETED|normal|1|None|SchedMain,StartReceived|2026-06-19T06:34:33|2026-06-19T06:34:33|2026-06-19T11:25:16|2026-06-19T11:25:17|00:00:01|1|04:50:43|52329|3|3|3M|3|3|billing=3,cpu=3,mem=3M,node=3||00:02:00|2|3|node[1-3]|0:0
482|482|sim_154|ivan|debug|COMPLETED|normal|1|None|SchedMain,StartReceived|2026-06-19T06:34:33|2026-06-19T06:34:33|2026-06-19T11:25:19|2026-06-19T11:30:58|00:05:39|339|04:50:46|69784|4|4|4M|4|4|billing=4,cpu=4,mem=4M,node=4||00:06:00|6|1356|node[1-4]|0:0
483|483|sim_155|ivan|debug|COMPLETED|normal|1|None|SchedBackfill,StartReceived|2026-06-19T06:34:33|2026-06-19T06:34:33|2026-06-19T09:51:26|2026-06-19T09:51:26|00:00:00|0|03:16:53|23626|2|2|2M|2|2|billing=2,cpu=2,mem=2M,node=2||00:11:00|11|0|node[3-4]|0:0
484|484|sim_156|ivan|debug|COMPLETED|normal|1|None|SchedMain,StartReceived|2026-06-19T06:34:33|2026-06-19T06:34:33|2026-06-19T11:30:59|2026-06-19T11:36:02|00:05:03|303|04:56:26|71144|4|4|4M|4|4|billing=4,cpu=4,mem=4M,node=4||01:00:00|60|1212|node[1-4]|0:0
485|485|sim_157|ivan|debug|COMPLETED|normal|1|None|SchedMain,StartReceived|2026-06-19T06:34:33|2026-06-19T06:34:33|2026-06-19T11:36:03|2026-06-19T11:36:03|00:00:00|0|05:01:30|54270|3|3|3M|3|3|billing=3,cpu=3,mem=3M,node=3||00:01:00|1|0|node[1-3]|0:0
486|486|sim_158|ivan|debug|COMPLETED|normal|1|None|SchedBackfill,StartReceived|2026-06-19T06:34:33|2026-06-19T06:34:33|2026-06-19T08:23:55|2026-06-19T08:34:00|00:10:05|605|01:49:22|6562|1|1|1M|1|1|billing=1,cpu=1,mem=1M,node=1||01:00:00|60|605|node4|0:0
487|487|sim_159|ivan|debug|COMPLETED|normal|1|None|SchedMain,StartReceived|2026-06-19T06:34:33|2026-06-19T06:34:33|2026-06-19T11:36:06|2026-06-19T11:38:43|00:02:37|157|05:01:33|36186|2|2|2M|2|2|billing=2,cpu=2,mem=2M,node=2||01:00:00|60|314|node[1-2]|0:0
488|488|sim_160|ivan|debug|COMPLETED|normal|1|None|SchedBackfill,StartReceived|2026-06-19T06:34:33|2026-06-19T06:34:33|2026-06-19T07:22:55|2026-06-19T07:25:01|00:02:06|126|00:48:22|2902|1|1|1M|1|1|billing=1,cpu=1,mem=1M,node=1||00:11:00|11|126|node4|0:0
489|489|sim_161|ivan|debug|COMPLETED|normal|1|None|SchedBackfill,StartReceived|2026-06-19T06:34:33|2026-06-19T06:34:33|2026-06-19T07:23:25|2026-06-19T07:23:25|00:00:00|0|00:48:52|2932|1|1|1M|1|1|billing=1,cpu=1,mem=1M,node=1||00:04:00|4|0|node3|0:0
490|490|sim_162|ivan|debug|COMPLETED|normal|1|None|SchedBackfill,StartReceived|2026-06-19T06:34:33|2026-06-19T06:34:33|2026-06-19T09:46:26|2026-06-19T09:47:26|00:01:00|60|03:11:53|23026|2|2|2M|2|2|billing=2,cpu=2,mem=2M,node=2||00:04:00|4|120|node[1-2]|0:0
491|491|sim_163|ivan|debug|COMPLETED|normal|1|None|SchedBackfill,StartReceived|2026-06-19T06:34:33|2026-06-19T06:34:33|2026-06-19T09:47:26|2026-06-19T09:47:26|00:00:00|0|03:12:53|23146|2|2|2M|2|2|billing=2,cpu=2,mem=2M,node=2||00:01:00|1|0|node[3-4]|0:0
492|492|sim_164|ivan|debug|COMPLETED|normal|1|None|SchedMain,StartReceived|2026-06-19T06:34:33|2026-06-19T06:34:33|2026-06-19T11:38:45|2026-06-19T11:38:45|00:00:00|0|05:04:12|73008|4|4|4M|4|4|billing=4,cpu=4,mem=4M,node=4||00:02:00|2|0|node[1-4]|0:0
493|493|sim_165|ivan|debug|COMPLETED|normal|1|None|SchedBackfill,StartReceived|2026-06-19T06:34:33|2026-06-19T06:34:33|2026-06-19T07:51:25|2026-06-19T07:54:05|00:02:40|160|01:16:52|4612|1|1|1M|1|1|billing=1,cpu=1,mem=1M,node=1||00:05:00|5|160|node4|0:0
494|494|sim_166|ivan|debug|COMPLETED|normal|1|None|SchedMain,StartReceived|2026-06-19T06:34:33|2026-06-19T06:34:33|2026-06-19T11:38:48|2026-06-19T11:38:48|00:00:00|0|05:04:15|73020|4|4|4M|4|4|billing=4,cpu=4,mem=4M,node=4||01:00:00|60|0|node[1-4]|0:0
495|495|sim_167|ivan|debug|COMPLETED|normal|1|None|SchedBackfill,StartReceived|2026-06-19T06:34:33|2026-06-19T06:34:33|2026-06-19T07:54:25|2026-06-19T07:57:27|00:03:02|182|01:19:52|4792|1|1|1M|1|1|billing=1,cpu=1,mem=1M,node=1||00:05:00|5|182|node4|0:0
496|496|sim_168|ivan|debug|COMPLETED|normal|1|None|SchedBackfill,StartReceived|2026-06-19T06:34:33|2026-06-19T06:34:33|2026-06-19T09:51:56|2026-06-19T09:53:15|00:01:19|79|03:17:23|11843|1|1|1M|1|1|billing=1,cpu=1,mem=1M,node=1||01:00:00|60|79|node4|0:0
497|497|sim_169|ivan|debug|COMPLETED|normal|1|None|SchedMain,StartReceived|2026-06-19T06:34:33|2026-06-19T06:34:33|2026-06-19T11:38:51|2026-06-19T11:38:51|00:00:00|0|05:04:18|54774|3|3|3M|3|3|billing=3,cpu=3,mem=3M,node=3||00:01:00|1|0|node[1-3]|0:0
498|498|sim_170|ivan|debug|COMPLETED|normal|1|None|SchedMain,StartReceived|2026-06-19T06:34:33|2026-06-19T06:34:33|2026-06-19T11:38:54|2026-06-19T11:44:59|00:06:05|365|05:04:21|73044|4|4|4M|4|4|billing=4,cpu=4,mem=4M,node=4||00:27:00|27|1460|node[1-4]|0:0
499|499|sim_171|ivan|debug|COMPLETED|normal|1|None|SchedMain,StartReceived|2026-06-19T06:34:33|2026-06-19T06:34:33|2026-06-19T11:44:59|2026-06-19T11:45:00|00:00:01|1|05:10:26|55878|3|3|3M|3|3|billing=3,cpu=3,mem=3M,node=3||00:01:00|1|3|node[1-3]|0:0
500|500|sim_172|ivan|debug|COMPLETED|normal|1|None|SchedBackfill,StartReceived|2026-06-19T06:34:33|2026-06-19T06:34:33|2026-06-19T08:21:55|2026-06-19T08:23:24|00:01:29|89|01:47:22|6442|1|1|1M|1|1|billing=1,cpu=1,mem=1M,node=1||00:04:00|4|89|node4|0:0
501|501|sim_173|ivan|debug|COMPLETED|normal|1|None|SchedBackfill,StartReceived|2026-06-19T06:34:33|2026-06-19T06:34:33|2026-06-19T08:15:25|2026-06-19T08:15:25|00:00:00|0|01:40:52|6052|1|1|1M|1|1|billing=1,cpu=1,mem=1M,node=1||00:01:00|1|0|node2|0:0
502|502|sim_174|ivan|debug|COMPLETED|normal|1|None|SchedBackfill,StartReceived|2026-06-19T06:34:33|2026-06-19T06:34:33|2026-06-19T09:53:26|2026-06-19T09:56:54|00:03:28|208|03:18:53|23866|2|2|2M|2|2|billing=2,cpu=2,mem=2M,node=2||00:10:00|10|416|node[3-4]|0:0
503|503|sim_175|ivan|debug|COMPLETED|normal|1|None|SchedBackfill,StartReceived|2026-06-19T06:34:33|2026-06-19T06:34:33|2026-06-19T09:54:26|2026-06-19T09:54:26|00:00:00|0|03:19:53|23986|2|2|2M|2|2|billing=2,cpu=2,mem=2M,node=2||00:01:00|1|0|node[1-2]|0:0
504|504|sim_176|ivan|debug|COMPLETED|normal|1|None|SchedMain,StartReceived|2026-06-19T06:34:33|2026-06-19T06:34:33|2026-06-19T11:45:02|2026-06-19T11:45:03|00:00:01|1|05:10:29|74516|4|4|4M|4|4|billing=4,cpu=4,mem=4M,node=4||00:01:00|1|4|node[1-4]|0:0
505|505|sim_177|ivan|debug|COMPLETED|normal|1|None|SchedBackfill,StartReceived|2026-06-19T06:34:33|2026-06-19T06:34:33|2026-06-19T09:54:56|2026-06-19T09:58:41|00:03:45|225|03:20:23|24046|2|2|2M|2|2|billing=2,cpu=2,mem=2M,node=2||00:06:00|6|450|node[1-2]|0:0
506|506|sim_178|ivan|debug|COMPLETED|normal|1|None|SchedBackfill,StartReceived|2026-06-19T06:34:33|2026-06-19T06:34:33|2026-06-19T09:56:56|2026-06-19T09:58:05|00:01:09|69|03:22:23|12143|1|1|1M|1|1|billing=1,cpu=1,mem=1M,node=1||01:00:00|60|69|node4|0:0
507|507|sim_179|ivan|debug|COMPLETED|normal|1|None|SchedMain,StartReceived|2026-06-19T06:34:33|2026-06-19T06:34:33|2026-06-19T11:45:05|2026-06-19T11:48:34|00:03:29|209|05:10:32|74528|4|4|4M|4|4|billing=4,cpu=4,mem=4M,node=4||01:00:00|60|836|node[1-4]|0:0
508|508|sim_180|ivan|debug|COMPLETED|normal|1|None|SchedBackfill,StartReceived|2026-06-19T06:34:33|2026-06-19T06:34:33|2026-06-19T09:58:26|2026-06-19T09:59:05|00:00:39|39|03:23:53|12233|1|1|1M|1|1|billing=1,cpu=1,mem=1M,node=1||01:00:00|60|39|node4|0:0
509|509|sim_181|ivan|debug|COMPLETED|normal|1|None|SchedBackfill,StartReceived|2026-06-19T06:34:33|2026-06-19T06:34:33|2026-06-19T09:59:26|2026-06-19T10:09:31|00:10:05|605|03:24:53|12293|1|1|1M|1|1|billing=1,cpu=1,mem=1M,node=1||01:00:00|60|605|node4|0:0
510|510|sim_182|ivan|debug|COMPLETED|normal|1|None|SchedMain,StartReceived|2026-06-19T06:34:33|2026-06-19T06:34:33|2026-06-19T11:48:34|2026-06-19T11:58:39|00:10:05|605|05:14:01|37682|2|2|2M|2|2|billing=2,cpu=2,mem=2M,node=2||01:00:00|60|1210|node[1-2]|0:0
511|511|sim_183|ivan|debug|COMPLETED|normal|1|None|SchedBackfill,StartReceived|2026-06-19T06:34:33|2026-06-19T06:34:33|2026-06-19T11:18:26|2026-06-19T11:20:39|00:02:13|133|04:43:53|34066|2|2|2M|2|2|billing=2,cpu=2,mem=2M,node=2||00:03:00|3|266|node[3-4]|0:0
512|512|sim_184|ivan|debug|COMPLETED|normal|1|None|SchedMain,StartReceived|2026-06-19T06:34:33|2026-06-19T06:34:33|2026-06-19T11:58:40|2026-06-19T11:58:40|00:00:00|0|05:24:07|58341|3|3|3M|3|3|billing=3,cpu=3,mem=3M,node=3||00:01:00|1|0|node[1-3]|0:0
513|513|sim_185|ivan|debug|COMPLETED|normal|1|None|SchedMain,StartReceived|2026-06-19T06:34:33|2026-06-19T06:34:33|2026-06-19T11:58:42|2026-06-19T11:58:57|00:00:15|15|05:24:09|77796|4|4|4M|4|4|billing=4,cpu=4,mem=4M,node=4||00:01:00|1|60|node[1-4]|0:0
514|514|sim_186|ivan|debug|COMPLETED|normal|1|None|SchedMain,StartReceived|2026-06-19T06:34:33|2026-06-19T06:34:33|2026-06-19T11:58:57|2026-06-19T11:59:50|00:00:53|53|05:24:24|77856|4|4|4M|4|4|billing=4,cpu=4,mem=4M,node=4||01:00:00|60|212|node[1-4]|0:0
515|515|sim_187|ivan|debug|COMPLETED|normal|1|None|SchedBackfill,StartReceived|2026-06-19T06:34:33|2026-06-19T06:34:33|2026-06-19T11:19:56|2026-06-19T11:19:56|00:00:00|0|04:45:23|34246|2|2|2M|2|2|billing=2,cpu=2,mem=2M,node=2||00:01:00|1|0|node[1-2]|0:0
516|516|sim_188|ivan|debug|COMPLETED|normal|1|None|SchedMain,StartReceived|2026-06-19T06:34:33|2026-06-19T06:34:33|2026-06-19T11:59:50|2026-06-19T11:59:51|00:00:01|1|05:25:17|78068|4|4|4M|4|4|billing=4,cpu=4,mem=4M,node=4||00:01:00|1|4|node[1-4]|0:0
517|517|sim_189|ivan|debug|COMPLETED|normal|1|None|SchedMain,StartReceived|2026-06-19T06:34:33|2026-06-19T06:34:33|2026-06-19T11:59:53|2026-06-19T12:05:49|00:05:56|356|05:25:20|58560|3|3|3M|3|3|billing=3,cpu=3,mem=3M,node=3||01:00:00|60|1068|node[1-3]|0:0
518|518|sim_190|ivan|debug|COMPLETED|normal|1|None|SchedBackfill,StartReceived|2026-06-19T06:34:33|2026-06-19T06:34:33|2026-06-19T08:15:55|2026-06-19T08:15:55|00:00:00|0|01:41:22|6082|1|1|1M|1|1|billing=1,cpu=1,mem=1M,node=1||00:01:00|1|0|node2|0:0
519|519|sim_191|ivan|debug|COMPLETED|normal|1|None|SchedMain,StartReceived|2026-06-19T06:34:33|2026-06-19T06:34:33|2026-06-19T12:05:49|2026-06-19T12:06:41|00:00:52|52|05:31:16|79504|4|4|4M|4|4|billing=4,cpu=4,mem=4M,node=4||00:03:00|3|208|node[1-4]|0:0
520|520|sim_192|ivan|debug|COMPLETED|normal|1|None|SchedBackfill,StartReceived|2026-06-19T06:34:33|2026-06-19T06:34:33|2026-06-19T08:29:55|2026-06-19T08:29:56|00:00:01|1|01:55:22|6922|1|1|1M|1|1|billing=1,cpu=1,mem=1M,node=1||00:33:00|33|1|node3|0:0
521|521|sim_193|ivan|debug|COMPLETED|normal|1|None|SchedMain,StartReceived|2026-06-19T06:34:33|2026-06-19T06:34:33|2026-06-19T12:06:41|2026-06-19T12:06:42|00:00:01|1|05:32:08|59784|3|3|3M|3|3|billing=3,cpu=3,mem=3M,node=3||00:01:00|1|3|node[1-3]|0:0
522|522|sim_194|ivan|debug|COMPLETED|normal|1|None|SchedMain,StartReceived|2026-06-19T06:34:33|2026-06-19T06:34:33|2026-06-19T12:06:45|2026-06-19T12:16:49|00:10:04|604|05:32:12|79728|4|4|4M|4|4|billing=4,cpu=4,mem=4M,node=4||00:19:00|19|2416|node[1-4]|0:0
523|523|sim_195|ivan|debug|COMPLETED|normal|1|None|SchedBackfill,StartReceived|2026-06-19T06:34:33|2026-06-19T06:34:33|2026-06-19T08:16:25|2026-06-19T08:16:25|00:00:00|0|01:41:52|6112|1|1|1M|1|1|billing=1,cpu=1,mem=1M,node=1||00:01:00|1|0|node2|0:0
524|524|sim_196|ivan|debug|COMPLETED|normal|1|None|SchedBackfill,StartReceived|2026-06-19T06:34:33|2026-06-19T06:34:33|2026-06-19T11:23:26|2026-06-19T11:23:26|00:00:00|0|04:48:53|34666|2|2|2M|2|2|billing=2,cpu=2,mem=2M,node=2||00:02:00|2|0|node[3-4]|0:0
525|525|sim_197|ivan|debug|COMPLETED|normal|1|None|SchedMain,StartReceived|2026-06-19T06:34:33|2026-06-19T06:34:33|2026-06-19T12:16:49|2026-06-19T12:26:54|00:10:05|605|05:42:16|41072|2|2|2M|2|2|billing=2,cpu=2,mem=2M,node=2||01:00:00|60|1210|node[1-2]|0:0
526|526|sim_198|ivan|debug|COMPLETED|normal|1|None|SchedMain,StartReceived|2026-06-19T06:34:33|2026-06-19T06:34:33|2026-06-19T12:26:54|2026-06-19T12:27:26|00:00:32|32|05:52:21|84564|4|4|4M|4|4|billing=4,cpu=4,mem=4M,node=4||01:00:00|60|128|node[1-4]|0:0
527|527|sim_199|ivan|debug|COMPLETED|normal|1|None|SchedBackfill,StartReceived|2026-06-19T06:34:33|2026-06-19T06:34:33|2026-06-19T08:16:55|2026-06-19T08:16:56|00:00:01|1|01:42:22|6142|1|1|1M|1|1|billing=1,cpu=1,mem=1M,node=1||00:01:00|1|1|node2|0:0
528|528|sim_200|ivan|debug|COMPLETED|normal|1|None|SchedMain,StartReceived|2026-06-19T06:34:33|2026-06-19T06:34:33|2026-06-19T12:27:26|2026-06-19T12:27:27|00:00:01|1|05:52:53|63519|3|3|3M|3|3|billing=3,cpu=3,mem=3M,node=3||00:01:00|1|3|node[1-3]|0:0
